Date,Product,Region,Quantity,Unit_Price,Revenue
01-01-2023,Headphones,North,8,130,1040
01-01-2023,Smartwatch,East,3,236,708
01-01-2023,Tablet,East,8,349,2792
02-01-2023,Smartwatch,South,8,179,1432
02-01-2023,Smartphone,West,5,482,2410
02-01-2023,Headphones,South,6,158,948
03-01-2023,Tablet,East,3,304,912
04-01-2023,Tablet,North,3,256,768
05-01-2023,Laptop,East,2,753,1506
06-01-2023,Headphones,South,2,78,156
07-01-2023,Smartwatch,South,4,241,964
07-01-2023,Headphones,East,8,116,928
08-01-2023,Laptop,West,2,753,1506
08-01-2023,Smartphone,South,6,503,3018
08-01-2023,Smartphone,West,6,542,3252
09-01-2023,Smartphone,South,2,523,1046
09-01-2023,Headphones,South,8,147,1176
09-01-2023,Headphones,North,8,154,1232
10-01-2023,Smartphone,East,5,473,2365
11-01-2023,Laptop,West,9,778,7002
11-01-2023,Smartwatch,North,9,220,1980
12-01-2023,Laptop,West,8,837,6696
13-01-2023,Tablet,East,1,257,257
13-01-2023,Tablet,East,1,254,254
13-01-2023,Smartphone,East,9,477,4293
14-01-2023,Laptop,West,2,782,1564
14-01-2023,Smartwatch,East,8,235,1880
14-01-2023,Tablet,East,1,348,348
15-01-2023,Tablet,North,5,339,1695
16-01-2023,Tablet,North,3,312,936
16-01-2023,Laptop,West,4,843,3372
16-01-2023,Smartwatch,East,7,164,1148
17-01-2023,Smartwatch,West,7,208,1456
17-01-2023,Tablet,South,2,291,582
17-01-2023,Smartwatch,South,9,155,1395
18-01-2023,Tablet,West,7,341,2387
18-01-2023,Laptop,East,1,750,750
19-01-2023,Tablet,South,9,326,2934
20-01-2023,Tablet,East,6,321,1926
21-01-2023,Laptop,South,5,846,4230
21-01-2023,Tablet,South,8,328,2624
21-01-2023,Tablet,South,8,301,2408
22-01-2023,Laptop,South,4,761,3044
23-01-2023,Smartphone,East,1,505,505
23-01-2023,Laptop,East,1,751,751
24-01-2023,Headphones,South,7,165,1155
24-01-2023,Laptop,North,3,751,2253
25-01-2023,Headphones,South,6,101,606
26-01-2023,Headphones,East,8,86,688
26-01-2023,Smartwatch,West,2,219,438
26-01-2023,Tablet,East,1,322,322
27-01-2023,Smartwatch,East,4,208,832
27-01-2023,Headphones,East,3,88,264
27-01-2023,Headphones,West,7,121,847
28-01-2023,Laptop,West,7,831,5817
29-01-2023,Tablet,West,9,338,3042
30-01-2023,Smartphone,East,7,465,3255
30-01-2023,Smartphone,West,9,509,4581
31-01-2023,Smartphone,North,5,486,2430
01-02-2023,Laptop,North,3,768,2304
01-02-2023,Tablet,West,8,303,2424
01-02-2023,Laptop,West,4,824,3296
02-02-2023,Headphones,South,8,153,1224
03-02-2023,Tablet,West,9,348,3132
03-02-2023,Laptop,North,2,831,1662
04-02-2023,Tablet,West,9,349,3141
04-02-2023,Laptop,West,1,763,763
05-02-2023,Headphones,West,8,76,608
06-02-2023,Laptop,West,1,797,797
06-02-2023,Headphones,East,3,155,465
06-02-2023,Smartwatch,East,6,157,942
07-02-2023,Tablet,South,5,279,1395
07-02-2023,Laptop,West,1,818,818
07-02-2023,Headphones,North,3,73,219
08-02-2023,Laptop,West,1,793,793
08-02-2023,Headphones,South,5,75,375
08-02-2023,Tablet,West,9,286,2574
09-02-2023,Laptop,South,5,844,4220
10-02-2023,Headphones,North,4,132,528
10-02-2023,Smartwatch,North,7,182,1274
10-02-2023,Tablet,West,2,274,548
11-02-2023,Smartphone,East,8,495,3960
11-02-2023,Smartphone,West,6,472,2832
12-02-2023,Tablet,South,2,339,678
12-02-2023,Laptop,West,1,758,758
13-02-2023,Smartwatch,South,7,175,1225
13-02-2023,Tablet,South,9,273,2457
13-02-2023,Smartwatch,West,7,206,1442
14-02-2023,Headphones,North,8,85,680
15-02-2023,Headphones,East,7,84,588
15-02-2023,Headphones,South,2,101,202
16-02-2023,Tablet,North,6,307,1842
16-02-2023,Smartphone,South,1,501,501
16-02-2023,Smartphone,South,6,509,3054
17-02-2023,Laptop,West,5,809,4045
18-02-2023,Headphones,South,4,163,652
19-02-2023,Tablet,East,8,301,2408
19-02-2023,Smartwatch,South,3,166,498
19-02-2023,Tablet,West,7,339,2373
20-02-2023,Smartphone,North,7,458,3206
21-02-2023,Laptop,South,1,783,783
22-02-2023,Laptop,West,5,750,3750
22-02-2023,Smartwatch,East,5,171,855
23-02-2023,Tablet,West,3,335,1005
24-02-2023,Smartwatch,South,5,196,980
25-02-2023,Headphones,North,5,108,540
26-02-2023,Smartwatch,East,6,218,1308
27-02-2023,Headphones,East,3,127,381
27-02-2023,Laptop,West,5,753,3765
28-02-2023,Smartphone,North,4,473,1892
28-02-2023,Headphones,South,3,102,306
28-02-2023,Laptop,North,3,792,2376
01-03-2023,Headphones,East,1,102,102
02-03-2023,Tablet,West,2,284,568
02-03-2023,Laptop,South,8,842,6736
03-03-2023,Smartphone,South,2,456,912
03-03-2023,Headphones,South,5,144,720
04-03-2023,Headphones,North,5,105,525
05-03-2023,Smartwatch,North,8,213,1704
05-03-2023,Tablet,North,3,285,855
06-03-2023,Laptop,East,8,772,6176
06-03-2023,Smartwatch,West,1,204,204
07-03-2023,Laptop,East,9,779,7011
08-03-2023,Laptop,South,4,838,3352
09-03-2023,Smartwatch,East,3,198,594
09-03-2023,Headphones,West,9,88,792
10-03-2023,Headphones,South,4,152,608
11-03-2023,Smartwatch,North,3,161,483
11-03-2023,Laptop,West,5,849,4245
12-03-2023,Laptop,East,5,791,3955
13-03-2023,Smartphone,North,3,536,1608
13-03-2023,Smartwatch,East,2,225,450
14-03-2023,Smartphone,South,1,456,456
15-03-2023,Smartwatch,West,9,199,1791
15-03-2023,Tablet,South,2,254,508
16-03-2023,Smartwatch,South,3,157,471
17-03-2023,Laptop,South,4,766,3064
18-03-2023,Laptop,North,4,785,3140
18-03-2023,Headphones,East,3,130,390
18-03-2023,Headphones,South,7,160,1120
19-03-2023,Smartphone,East,7,516,3612
19-03-2023,Smartwatch,North,2,241,482
20-03-2023,Smartphone,West,8,510,4080
20-03-2023,Laptop,East,1,752,752
21-03-2023,Headphones,South,9,132,1188
22-03-2023,Laptop,West,1,787,787
23-03-2023,Smartphone,West,5,529,2645
24-03-2023,Smartwatch,East,5,185,925
24-03-2023,Tablet,East,4,306,1224
25-03-2023,Laptop,North,1,803,803
25-03-2023,Tablet,West,7,306,2142
26-03-2023,Headphones,South,8,145,1160
26-03-2023,Headphones,North,8,161,1288
26-03-2023,Headphones,South,8,127,1016
27-03-2023,Headphones,West,5,110,550
27-03-2023,Headphones,West,6,132,792
28-03-2023,Laptop,North,5,833,4165
29-03-2023,Headphones,West,3,75,225
30-03-2023,Tablet,West,5,296,1480
30-03-2023,Laptop,South,8,779,6232
31-03-2023,Tablet,North,5,282,1410
31-03-2023,Laptop,South,1,760,760
01-04-2023,Smartphone,East,9,535,4815
02-04-2023,Tablet,North,1,347,347
02-04-2023,Laptop,East,1,770,770
02-04-2023,Headphones,North,5,164,820
03-04-2023,Tablet,North,7,302,2114
04-04-2023,Smartphone,South,3,466,1398
05-04-2023,Laptop,South,1,800,800
06-04-2023,Smartwatch,West,1,181,181
07-04-2023,Headphones,East,8,108,864
07-04-2023,Smartphone,South,2,503,1006
08-04-2023,Tablet,East,2,261,522
08-04-2023,Laptop,South,5,843,4215
09-04-2023,Tablet,North,1,296,296
09-04-2023,Smartwatch,North,2,224,448
10-04-2023,Headphones,South,6,119,714
10-04-2023,Smartphone,South,3,512,1536
10-04-2023,Smartphone,West,9,487,4383
11-04-2023,Headphones,South,7,120,840
12-04-2023,Smartwatch,North,4,159,636
13-04-2023,Smartphone,North,4,537,2148
14-04-2023,Smartphone,South,5,515,2575
15-04-2023,Tablet,East,3,272,816
16-04-2023,Tablet,South,8,253,2024
16-04-2023,Headphones,West,9,136,1224
16-04-2023,Tablet,East,2,310,620
17-04-2023,Tablet,East,5,254,1270
17-04-2023,Smartphone,West,6,470,2820
18-04-2023,Laptop,North,9,761,6849
18-04-2023,Smartphone,South,2,498,996
19-04-2023,Smartphone,North,9,475,4275
19-04-2023,Laptop,East,9,835,7515
20-04-2023,Tablet,East,1,275,275
20-04-2023,Headphones,North,8,168,1344
20-04-2023,Smartwatch,West,8,235,1880
21-04-2023,Smartphone,West,7,527,3689
21-04-2023,Smartphone,North,8,456,3648
22-04-2023,Tablet,East,2,287,574
22-04-2023,Tablet,East,9,277,2493
22-04-2023,Smartphone,East,9,466,4194
23-04-2023,Smartphone,South,9,466,4194
23-04-2023,Smartwatch,West,9,217,1953
23-04-2023,Smartphone,East,9,467,4203
24-04-2023,Headphones,East,6,103,618
24-04-2023,Laptop,West,3,791,2373
24-04-2023,Laptop,North,6,801,4806
25-04-2023,Smartphone,East,8,508,4064
25-04-2023,Smartwatch,South,5,182,910
26-04-2023,Smartwatch,South,6,153,918
27-04-2023,Tablet,South,8,304,2432
27-04-2023,Laptop,East,3,780,2340
28-04-2023,Headphones,West,6,135,810
29-04-2023,Headphones,East,6,163,978
29-04-2023,Tablet,South,9,315,2835
29-04-2023,Tablet,West,3,294,882
30-04-2023,Smartphone,South,4,468,1872
01-05-2023,Headphones,North,1,159,159
02-05-2023,Smartwatch,South,4,226,904
02-05-2023,Tablet,East,1,255,255
03-05-2023,Smartphone,North,7,459,3213
03-05-2023,Headphones,South,8,71,568
04-05-2023,Smartwatch,North,1,158,158
05-05-2023,Tablet,South,1,318,318
05-05-2023,Headphones,West,2,147,294
05-05-2023,Smartwatch,West,9,183,1647
06-05-2023,Tablet,North,8,313,2504
06-05-2023,Headphones,West,8,80,640
06-05-2023,Laptop,North,3,834,2502
07-05-2023,Smartwatch,East,4,238,952
08-05-2023,Smartphone,North,2,489,978
09-05-2023,Tablet,North,6,346,2076
09-05-2023,Laptop,North,1,846,846
09-05-2023,Smartphone,South,5,500,2500
10-05-2023,Tablet,South,6,316,1896
10-05-2023,Tablet,West,4,264,1056
10-05-2023,Smartwatch,North,4,243,972
11-05-2023,Tablet,West,6,306,1836
11-05-2023,Laptop,North,5,776,3880
11-05-2023,Laptop,South,4,835,3340
12-05-2023,Smartphone,North,1,487,487
12-05-2023,Smartwatch,East,4,237,948
13-05-2023,Smartwatch,West,5,178,890
13-05-2023,Headphones,West,2,96,192
13-05-2023,Tablet,East,4,285,1140
14-05-2023,Tablet,East,5,269,1345
14-05-2023,Tablet,South,8,287,2296
15-05-2023,Smartphone,South,8,511,4088
15-05-2023,Smartphone,North,1,509,509
16-05-2023,Headphones,West,4,137,548
16-05-2023,Smartwatch,West,5,221,1105
16-05-2023,Smartphone,North,9,500,4500
17-05-2023,Laptop,South,7,750,5250
18-05-2023,Smartwatch,North,4,203,812
18-05-2023,Laptop,North,6,804,4824
19-05-2023,Smartwatch,East,9,202,1818
19-05-2023,Laptop,South,4,806,3224
19-05-2023,Smartwatch,South,9,184,1656
20-05-2023,Headphones,North,6,71,426
20-05-2023,Smartphone,East,2,540,1080
20-05-2023,Laptop,West,3,803,2409
21-05-2023,Headphones,South,5,157,785
22-05-2023,Laptop,North,6,775,4650
23-05-2023,Smartwatch,North,7,230,1610
23-05-2023,Headphones,North,1,89,89
24-05-2023,Headphones,East,8,118,944
24-05-2023,Laptop,West,7,800,5600
25-05-2023,Tablet,South,1,294,294
25-05-2023,Smartwatch,South,8,168,1344
25-05-2023,Smartphone,North,3,496,1488
26-05-2023,Smartphone,South,1,543,543
26-05-2023,Tablet,East,4,250,1000
27-05-2023,Tablet,West,3,283,849
28-05-2023,Headphones,West,2,76,152
29-05-2023,Laptop,North,7,816,5712
30-05-2023,Tablet,East,8,303,2424
30-05-2023,Laptop,East,5,816,4080
30-05-2023,Tablet,North,8,283,2264
31-05-2023,Tablet,West,4,286,1144
31-05-2023,Smartwatch,South,7,197,1379
31-05-2023,Smartphone,East,7,482,3374
01-06-2023,Smartwatch,East,3,185,555
01-06-2023,Smartwatch,West,2,151,302
01-06-2023,Laptop,East,5,769,3845
02-06-2023,Smartphone,East,2,516,1032
02-06-2023,Headphones,West,5,106,530
02-06-2023,Laptop,South,5,793,3965
03-06-2023,Headphones,South,6,93,558
03-06-2023,Laptop,South,8,808,6464
03-06-2023,Laptop,South,3,830,2490
04-06-2023,Laptop,West,2,774,1548
04-06-2023,Laptop,South,6,753,4518
05-06-2023,Smartphone,North,2,536,1072
05-06-2023,Smartwatch,East,6,167,1002
06-06-2023,Smartphone,West,9,487,4383
07-06-2023,Laptop,North,9,825,7425
07-06-2023,Smartwatch,South,6,234,1404
08-06-2023,Laptop,East,6,840,5040
08-06-2023,Smartphone,West,9,502,4518
08-06-2023,Smartphone,North,1,475,475
09-06-2023,Headphones,South,2,123,246
10-06-2023,Laptop,East,5,785,3925
10-06-2023,Tablet,South,5,260,1300
10-06-2023,Tablet,West,4,308,1232
11-06-2023,Tablet,South,2,304,608
11-06-2023,Smartwatch,West,1,185,185
11-06-2023,Headphones,East,3,150,450
12-06-2023,Tablet,North,2,322,644
12-06-2023,Smartphone,South,5,522,2610
13-06-2023,Laptop,North,9,810,7290
14-06-2023,Smartphone,North,7,484,3388
14-06-2023,Tablet,South,5,293,1465
14-06-2023,Tablet,South,6,347,2082
15-06-2023,Smartwatch,West,1,210,210
15-06-2023,Laptop,South,9,804,7236
15-06-2023,Laptop,East,8,832,6656
16-06-2023,Smartwatch,North,7,229,1603
16-06-2023,Laptop,South,9,761,6849
16-06-2023,Tablet,South,9,275,2475
17-06-2023,Smartphone,West,7,466,3262
17-06-2023,Smartphone,North,6,456,2736
17-06-2023,Smartwatch,East,9,197,1773
18-06-2023,Tablet,East,2,344,688
18-06-2023,Headphones,East,3,87,261
19-06-2023,Smartphone,East,1,463,463
19-06-2023,Tablet,West,2,252,504
19-06-2023,Smartwatch,East,8,239,1912
20-06-2023,Headphones,East,8,73,584
20-06-2023,Smartwatch,South,9,162,1458
20-06-2023,Smartphone,North,2,504,1008
21-06-2023,Smartphone,South,7,462,3234
21-06-2023,Smartwatch,South,3,188,564
21-06-2023,Headphones,North,1,162,162
22-06-2023,Smartwatch,West,9,165,1485
22-06-2023,Headphones,East,9,79,711
23-06-2023,Laptop,East,7,833,5831
23-06-2023,Smartwatch,North,1,152,152
24-06-2023,Smartphone,West,2,511,1022
25-06-2023,Laptop,West,1,802,802
26-06-2023,Laptop,East,1,837,837
26-06-2023,Headphones,West,5,130,650
27-06-2023,Tablet,West,6,288,1728
28-06-2023,Tablet,South,2,274,548
28-06-2023,Headphones,West,8,89,712
28-06-2023,Smartwatch,East,6,223,1338
29-06-2023,Smartphone,North,9,452,4068
29-06-2023,Smartwatch,North,6,196,1176
29-06-2023,Laptop,North,3,769,2307
30-06-2023,Laptop,North,3,799,2397
30-06-2023,Smartphone,South,1,537,537
01-07-2023,Tablet,South,8,338,2704
01-07-2023,Laptop,West,5,847,4235
01-07-2023,Tablet,North,8,316,2528
02-07-2023,Headphones,North,9,136,1224
02-07-2023,Laptop,South,9,828,7452
02-07-2023,Laptop,North,2,837,1674
03-07-2023,Tablet,North,2,319,638
03-07-2023,Smartwatch,West,5,226,1130
03-07-2023,Laptop,South,8,794,6352
04-07-2023,Smartwatch,East,3,205,615
04-07-2023,Smartphone,West,1,455,455
05-07-2023,Headphones,North,9,82,738
05-07-2023,Tablet,North,9,302,2718
05-07-2023,Smartphone,West,6,509,3054
06-07-2023,Smartwatch,East,9,180,1620
06-07-2023,Smartphone,South,5,479,2395
06-07-2023,Smartphone,West,2,527,1054
07-07-2023,Smartwatch,West,7,215,1505
08-07-2023,Tablet,North,9,266,2394
09-07-2023,Smartphone,West,8,484,3872
09-07-2023,Tablet,South,7,323,2261
09-07-2023,Laptop,West,2,812,1624
10-07-2023,Smartwatch,North,6,217,1302
10-07-2023,Headphones,West,4,137,548
10-07-2023,Tablet,West,1,261,261
11-07-2023,Laptop,South,6,814,4884
11-07-2023,Smartphone,West,2,499,998
12-07-2023,Smartwatch,West,4,248,992
12-07-2023,Headphones,North,7,98,686
13-07-2023,Laptop,South,3,824,2472
13-07-2023,Smartphone,East,2,495,990
13-07-2023,Smartphone,North,4,530,2120
14-07-2023,Smartwatch,North,7,164,1148
14-07-2023,Smartwatch,North,4,181,724
14-07-2023,Smartphone,East,4,471,1884
15-07-2023,Tablet,East,1,305,305
15-07-2023,Headphones,North,5,116,580
15-07-2023,Smartwatch,East,4,155,620
16-07-2023,Laptop,North,3,750,2250
16-07-2023,Smartphone,West,6,464,2784
16-07-2023,Smartphone,North,3,513,1539
17-07-2023,Laptop,West,2,764,1528
18-07-2023,Headphones,South,9,86,774
18-07-2023,Smartwatch,North,8,228,1824
18-07-2023,Tablet,South,2,320,640
19-07-2023,Smartwatch,West,5,173,865
19-07-2023,Headphones,South,3,89,267
19-07-2023,Laptop,South,7,766,5362
20-07-2023,Headphones,West,4,78,312
20-07-2023,Laptop,West,6,751,4506
21-07-2023,Smartwatch,North,8,170,1360
21-07-2023,Smartphone,South,2,544,1088
21-07-2023,Tablet,North,9,282,2538
22-07-2023,Laptop,West,6,800,4800
22-07-2023,Laptop,North,9,795,7155
23-07-2023,Headphones,West,1,143,143
23-07-2023,Smartphone,West,1,451,451
23-07-2023,Laptop,North,9,826,7434
24-07-2023,Laptop,North,4,775,3100
24-07-2023,Smartphone,South,7,539,3773
25-07-2023,Smartphone,South,2,493,986
25-07-2023,Laptop,West,3,755,2265
26-07-2023,Laptop,East,9,825,7425
27-07-2023,Headphones,South,4,131,524
27-07-2023,Tablet,East,7,324,2268
28-07-2023,Smartphone,South,3,490,1470
28-07-2023,Headphones,South,2,81,162
29-07-2023,Headphones,North,9,114,1026
29-07-2023,Tablet,South,3,304,912
29-07-2023,Headphones,North,8,162,1296
30-07-2023,Smartwatch,East,3,193,579
30-07-2023,Smartphone,South,2,532,1064
30-07-2023,Smartwatch,West,8,208,1664
31-07-2023,Headphones,South,3,104,312
31-07-2023,Smartwatch,North,6,212,1272
31-07-2023,Laptop,East,1,843,843
01-08-2023,Smartphone,North,8,469,3752
02-08-2023,Headphones,West,4,129,516
03-08-2023,Laptop,East,9,785,7065
03-08-2023,Smartphone,North,2,549,1098
04-08-2023,Smartphone,West,6,488,2928
04-08-2023,Smartphone,East,3,507,1521
05-08-2023,Smartwatch,West,3,167,501
05-08-2023,Smartwatch,East,1,248,248
06-08-2023,Headphones,West,7,111,777
06-08-2023,Headphones,South,2,106,212
07-08-2023,Smartwatch,North,6,209,1254
08-08-2023,Laptop,West,2,819,1638
09-08-2023,Tablet,North,9,277,2493
10-08-2023,Tablet,North,5,314,1570
10-08-2023,Headphones,West,4,114,456
11-08-2023,Tablet,South,3,263,789
11-08-2023,Smartphone,North,9,450,4050
11-08-2023,Smartwatch,West,8,192,1536
12-08-2023,Laptop,West,6,833,4998
13-08-2023,Tablet,North,5,325,1625
14-08-2023,Laptop,North,8,793,6344
15-08-2023,Headphones,East,4,147,588
15-08-2023,Smartphone,North,5,469,2345
15-08-2023,Smartphone,North,1,484,484
16-08-2023,Smartwatch,North,5,182,910
16-08-2023,Laptop,East,4,802,3208
17-08-2023,Tablet,East,2,338,676
17-08-2023,Smartphone,North,9,488,4392
18-08-2023,Tablet,South,7,293,2051
18-08-2023,Headphones,East,4,149,596
18-08-2023,Smartphone,South,7,457,3199
19-08-2023,Smartwatch,North,7,157,1099
19-08-2023,Smartwatch,West,6,154,924
20-08-2023,Smartphone,North,7,539,3773
20-08-2023,Tablet,South,2,331,662
20-08-2023,Laptop,South,8,796,6368
21-08-2023,Headphones,East,8,158,1264
22-08-2023,Headphones,North,1,88,88
22-08-2023,Smartwatch,West,5,239,1195
23-08-2023,Headphones,South,2,133,266
23-08-2023,Laptop,North,9,838,7542
24-08-2023,Laptop,North,9,824,7416
25-08-2023,Smartwatch,South,4,168,672
25-08-2023,Smartphone,South,9,472,4248
26-08-2023,Smartwatch,East,1,237,237
26-08-2023,Laptop,North,1,825,825
26-08-2023,Smartphone,East,5,468,2340
27-08-2023,Laptop,North,1,845,845
28-08-2023,Tablet,West,6,339,2034
29-08-2023,Tablet,West,2,295,590
29-08-2023,Laptop,East,5,775,3875
29-08-2023,Smartphone,South,5,542,2710
30-08-2023,Laptop,West,5,847,4235
30-08-2023,Smartwatch,East,4,164,656
31-08-2023,Smartphone,West,5,472,2360
31-08-2023,Tablet,East,5,264,1320
31-08-2023,Laptop,West,3,764,2292
01-09-2023,Smartwatch,South,3,183,549
02-09-2023,Smartwatch,West,5,201,1005
02-09-2023,Tablet,North,3,257,771
03-09-2023,Headphones,South,2,71,142
03-09-2023,Laptop,North,4,839,3356
04-09-2023,Tablet,East,7,262,1834
05-09-2023,Laptop,South,8,785,6280
05-09-2023,Headphones,West,6,76,456
05-09-2023,Laptop,West,8,794,6352
06-09-2023,Tablet,North,7,271,1897
06-09-2023,Smartwatch,South,9,175,1575
07-09-2023,Smartphone,West,9,491,4419
08-09-2023,Smartphone,East,5,517,2585
09-09-2023,Tablet,West,7,323,2261
09-09-2023,Laptop,South,3,785,2355
10-09-2023,Laptop,East,2,818,1636
10-09-2023,Laptop,East,2,782,1564
11-09-2023,Smartwatch,North,6,197,1182
11-09-2023,Smartwatch,East,3,241,723
11-09-2023,Tablet,South,9,327,2943
12-09-2023,Smartwatch,North,9,151,1359
13-09-2023,Smartwatch,South,3,191,573
13-09-2023,Smartwatch,East,9,224,2016
13-09-2023,Headphones,South,3,137,411
14-09-2023,Smartphone,West,7,485,3395
14-09-2023,Smartwatch,North,4,152,608
15-09-2023,Laptop,East,6,790,4740
16-09-2023,Headphones,North,1,129,129
16-09-2023,Smartphone,West,5,493,2465
16-09-2023,Tablet,West,5,257,1285
17-09-2023,Smartphone,East,6,493,2958
17-09-2023,Smartwatch,South,3,235,705
18-09-2023,Smartphone,East,2,530,1060
18-09-2023,Tablet,South,7,279,1953
19-09-2023,Headphones,South,4,138,552
19-09-2023,Smartwatch,North,9,204,1836
20-09-2023,Laptop,East,1,765,765
20-09-2023,Headphones,West,4,72,288
21-09-2023,Smartwatch,East,3,154,462
21-09-2023,Headphones,West,8,134,1072
22-09-2023,Smartwatch,West,6,171,1026
23-09-2023,Laptop,North,6,847,5082
23-09-2023,Smartwatch,South,4,246,984
24-09-2023,Smartphone,North,2,534,1068
24-09-2023,Smartphone,East,9,522,4698
24-09-2023,Laptop,East,3,801,2403
25-09-2023,Smartphone,West,2,504,1008
25-09-2023,Tablet,South,6,309,1854
26-09-2023,Headphones,South,1,111,111
27-09-2023,Smartphone,North,3,479,1437
27-09-2023,Smartphone,South,6,516,3096
28-09-2023,Headphones,South,9,84,756
28-09-2023,Smartwatch,East,2,240,480
28-09-2023,Smartphone,East,2,527,1054
29-09-2023,Smartphone,North,2,474,948
29-09-2023,Smartwatch,South,1,185,185
30-09-2023,Laptop,South,6,801,4806
30-09-2023,Tablet,East,9,255,2295
30-09-2023,Laptop,North,5,847,4235
01-10-2023,Smartphone,West,9,528,4752
02-10-2023,Headphones,West,4,87,348
03-10-2023,Headphones,East,6,101,606
04-10-2023,Tablet,South,2,309,618
05-10-2023,Tablet,East,3,254,762
05-10-2023,Tablet,South,9,251,2259
05-10-2023,Tablet,South,8,328,2624
06-10-2023,Tablet,North,3,270,810
07-10-2023,Headphones,South,3,76,228
08-10-2023,Headphones,West,7,109,763
09-10-2023,Smartwatch,East,4,242,968
10-10-2023,Smartphone,East,5,512,2560
10-10-2023,Smartwatch,East,7,176,1232
11-10-2023,Smartwatch,North,6,154,924
11-10-2023,Smartphone,South,5,528,2640
12-10-2023,Smartphone,East,8,488,3904
13-10-2023,Laptop,North,5,839,4195
14-10-2023,Smartwatch,North,5,231,1155
14-10-2023,Smartwatch,North,4,230,920
15-10-2023,Laptop,West,5,801,4005
15-10-2023,Smartwatch,South,4,183,732
15-10-2023,Headphones,West,2,168,336
16-10-2023,Smartwatch,West,6,191,1146
17-10-2023,Smartphone,North,1,513,513
18-10-2023,Laptop,North,1,751,751
19-10-2023,Laptop,South,2,807,1614
20-10-2023,Headphones,East,7,103,721
21-10-2023,Laptop,East,1,809,809
21-10-2023,Smartwatch,East,5,181,905
21-10-2023,Headphones,North,7,77,539
22-10-2023,Laptop,East,1,800,800
23-10-2023,Laptop,North,4,770,3080
23-10-2023,Smartphone,East,4,460,1840
23-10-2023,Headphones,East,3,76,228
24-10-2023,Headphones,East,5,74,370
24-10-2023,Smartphone,South,1,544,544
24-10-2023,Laptop,North,2,828,1656
25-10-2023,Tablet,North,4,317,1268
25-10-2023,Laptop,North,9,811,7299
26-10-2023,Smartphone,South,5,485,2425
26-10-2023,Headphones,East,8,71,568
26-10-2023,Smartwatch,North,2,160,320
27-10-2023,Laptop,West,2,804,1608
27-10-2023,Laptop,North,8,808,6464
28-10-2023,Headphones,South,9,91,819
28-10-2023,Headphones,South,4,154,616
29-10-2023,Laptop,West,5,848,4240
29-10-2023,Smartphone,West,7,488,3416
29-10-2023,Laptop,West,9,796,7164
30-10-2023,Smartwatch,North,5,157,785
30-10-2023,Headphones,West,6,91,546
31-10-2023,Laptop,South,2,751,1502
31-10-2023,Smartwatch,North,4,176,704
31-10-2023,Smartphone,East,3,472,1416
01-11-2023,Tablet,North,1,305,305
02-11-2023,Tablet,East,7,274,1918
02-11-2023,Smartwatch,East,8,207,1656
02-11-2023,Laptop,West,5,752,3760
03-11-2023,Headphones,West,3,165,495
04-11-2023,Smartphone,East,9,459,4131
04-11-2023,Smartwatch,West,7,240,1680
05-11-2023,Smartphone,North,9,485,4365
05-11-2023,Smartphone,South,6,461,2766
05-11-2023,Laptop,South,9,783,7047
06-11-2023,Laptop,West,3,844,2532
07-11-2023,Tablet,North,4,253,1012
07-11-2023,Headphones,South,8,168,1344
07-11-2023,Smartphone,North,6,534,3204
08-11-2023,Smartwatch,South,6,195,1170
08-11-2023,Headphones,West,9,114,1026
09-11-2023,Headphones,North,3,157,471
10-11-2023,Smartphone,East,4,453,1812
11-11-2023,Smartphone,South,2,468,936
11-11-2023,Headphones,West,3,118,354
12-11-2023,Tablet,South,8,325,2600
12-11-2023,Smartphone,South,5,480,2400
12-11-2023,Headphones,West,3,117,351
13-11-2023,Headphones,South,7,124,868
14-11-2023,Smartphone,East,4,541,2164
15-11-2023,Tablet,North,6,294,1764
15-11-2023,Laptop,North,6,753,4518
15-11-2023,Headphones,West,6,116,696
16-11-2023,Headphones,East,7,78,546
16-11-2023,Smartphone,West,5,510,2550
17-11-2023,Smartphone,East,1,543,543
17-11-2023,Smartwatch,South,1,200,200
18-11-2023,Tablet,South,3,295,885
19-11-2023,Tablet,North,5,333,1665
19-11-2023,Laptop,North,5,849,4245
20-11-2023,Smartphone,West,7,488,3416
20-11-2023,Smartphone,East,1,473,473
21-11-2023,Headphones,South,9,123,1107
22-11-2023,Headphones,West,9,100,900
22-11-2023,Headphones,West,9,105,945
23-11-2023,Headphones,South,6,161,966
24-11-2023,Tablet,East,8,259,2072
24-11-2023,Smartphone,North,6,493,2958
24-11-2023,Laptop,North,4,805,3220
25-11-2023,Headphones,South,9,90,810
25-11-2023,Headphones,South,1,160,160
25-11-2023,Smartphone,West,8,524,4192
26-11-2023,Smartwatch,South,8,163,1304
26-11-2023,Laptop,North,5,831,4155
26-11-2023,Smartwatch,East,7,239,1673
27-11-2023,Laptop,East,3,838,2514
28-11-2023,Headphones,North,9,102,918
29-11-2023,Smartwatch,West,9,220,1980
29-11-2023,Laptop,North,8,810,6480
30-11-2023,Smartphone,West,9,488,4392
01-12-2023,Laptop,North,2,819,1638
01-12-2023,Smartphone,North,5,454,2270
02-12-2023,Laptop,South,2,765,1530
02-12-2023,Tablet,North,7,335,2345
03-12-2023,Headphones,East,3,133,399
03-12-2023,Tablet,East,1,313,313
03-12-2023,Smartwatch,West,4,235,940
04-12-2023,Smartwatch,East,6,241,1446
04-12-2023,Tablet,North,9,289,2601
04-12-2023,Smartphone,West,1,512,512
05-12-2023,Laptop,West,3,821,2463
05-12-2023,Headphones,North,4,168,672
06-12-2023,Headphones,East,9,119,1071
06-12-2023,Tablet,East,5,300,1500
07-12-2023,Headphones,South,8,93,744
07-12-2023,Headphones,West,9,105,945
07-12-2023,Smartwatch,North,8,204,1632
08-12-2023,Smartphone,South,4,519,2076
09-12-2023,Tablet,North,3,276,828
09-12-2023,Smartphone,East,8,482,3856
10-12-2023,Smartwatch,West,5,153,765
11-12-2023,Tablet,West,9,261,2349
11-12-2023,Tablet,South,7,265,1855
12-12-2023,Smartwatch,East,5,170,850
13-12-2023,Smartwatch,South,4,177,708
13-12-2023,Smartphone,East,7,476,3332
14-12-2023,Laptop,East,1,817,817
15-12-2023,Headphones,South,5,168,840
16-12-2023,Headphones,North,9,119,1071
17-12-2023,Tablet,West,9,260,2340
17-12-2023,Smartphone,East,9,534,4806
18-12-2023,Tablet,West,5,277,1385
18-12-2023,Smartphone,South,1,534,534
19-12-2023,Headphones,South,9,120,1080
19-12-2023,Smartphone,South,9,472,4248
19-12-2023,Laptop,North,3,782,2346
20-12-2023,Smartphone,South,3,489,1467
21-12-2023,Laptop,West,1,821,821
21-12-2023,Tablet,West,9,296,2664
21-12-2023,Smartwatch,East,9,202,1818
22-12-2023,Headphones,South,4,145,580
22-12-2023,Laptop,East,9,848,7632
23-12-2023,Smartphone,East,1,455,455
24-12-2023,Tablet,East,2,295,590
24-12-2023,Headphones,North,8,131,1048
24-12-2023,Tablet,East,4,274,1096
25-12-2023,Smartphone,South,7,471,3297
25-12-2023,Laptop,East,3,752,2256
26-12-2023,Tablet,North,4,294,1176
26-12-2023,Laptop,East,7,768,5376
27-12-2023,Headphones,South,8,107,856
27-12-2023,Smartwatch,North,4,189,756
27-12-2023,Laptop,South,9,813,7317
28-12-2023,Headphones,North,5,168,840
29-12-2023,Tablet,South,9,317,2853
30-12-2023,Headphones,West,8,71,568
30-12-2023,Laptop,North,6,790,4740
30-12-2023,Smartwatch,South,1,197,197
31-12-2023,Headphones,East,2,154,308
31-12-2023,Smartwatch,North,4,216,864
01-01-2024,Smartwatch,North,9,210,1890
02-01-2024,Headphones,East,1,167,167
03-01-2024,Smartwatch,East,8,225,1800
04-01-2024,Headphones,South,9,88,792
04-01-2024,Smartphone,West,6,470,2820
05-01-2024,Headphones,North,3,73,219
05-01-2024,Headphones,West,4,91,364
05-01-2024,Headphones,North,3,155,465
06-01-2024,Smartphone,East,7,450,3150
06-01-2024,Laptop,South,1,810,810
07-01-2024,Smartphone,East,8,532,4256
07-01-2024,Headphones,South,1,126,126
08-01-2024,Smartwatch,North,3,189,567
09-01-2024,Tablet,West,4,305,1220
09-01-2024,Laptop,North,6,798,4788
10-01-2024,Laptop,South,8,792,6336
10-01-2024,Headphones,West,1,159,159
11-01-2024,Smartwatch,North,1,213,213
11-01-2024,Smartphone,East,6,458,2748
11-01-2024,Smartwatch,North,9,166,1494
12-01-2024,Tablet,East,7,304,2128
13-01-2024,Smartwatch,West,3,160,480
14-01-2024,Smartwatch,North,8,168,1344
15-01-2024,Smartwatch,North,1,194,194
16-01-2024,Headphones,South,5,77,385
16-01-2024,Laptop,East,7,779,5453
17-01-2024,Laptop,East,4,831,3324
18-01-2024,Smartphone,West,1,485,485
18-01-2024,Smartphone,North,3,477,1431
19-01-2024,Laptop,West,3,764,2292
20-01-2024,Smartphone,East,9,523,4707
21-01-2024,Tablet,East,2,300,600
21-01-2024,Laptop,North,7,777,5439
22-01-2024,Headphones,South,5,71,355
22-01-2024,Smartwatch,South,3,165,495
22-01-2024,Smartphone,North,9,461,4149
23-01-2024,Tablet,North,7,294,2058
23-01-2024,Smartphone,North,5,511,2555
23-01-2024,Laptop,East,9,772,6948
24-01-2024,Headphones,North,6,87,522
25-01-2024,Smartwatch,East,9,202,1818
25-01-2024,Smartphone,South,2,481,962
25-01-2024,Tablet,East,9,312,2808
26-01-2024,Tablet,West,9,349,3141
26-01-2024,Headphones,North,8,108,864
26-01-2024,Smartphone,West,5,456,2280
27-01-2024,Laptop,North,4,768,3072
28-01-2024,Smartphone,West,2,541,1082
29-01-2024,Tablet,East,1,287,287
29-01-2024,Smartwatch,West,2,197,394
29-01-2024,Headphones,West,6,134,804
30-01-2024,Headphones,North,2,138,276
30-01-2024,Tablet,East,4,275,1100
30-01-2024,Tablet,South,6,313,1878
31-01-2024,Smartphone,East,2,455,910
31-01-2024,Tablet,North,5,279,1395
31-01-2024,Smartphone,North,5,491,2455
01-02-2024,Tablet,East,6,317,1902
02-02-2024,Headphones,North,1,98,98
02-02-2024,Smartwatch,East,4,166,664
03-02-2024,Headphones,North,5,118,590
04-02-2024,Smartphone,North,6,502,3012
05-02-2024,Tablet,East,2,281,562
05-02-2024,Smartwatch,East,1,234,234
05-02-2024,Headphones,North,7,137,959
06-02-2024,Laptop,West,8,848,6784
06-02-2024,Smartwatch,East,2,160,320
06-02-2024,Headphones,East,1,168,168
07-02-2024,Laptop,West,3,786,2358
07-02-2024,Smartwatch,West,5,166,830
08-02-2024,Headphones,South,3,133,399
09-02-2024,Smartwatch,South,6,194,1164
09-02-2024,Headphones,South,5,80,400
09-02-2024,Headphones,North,1,125,125
10-02-2024,Smartphone,West,6,466,2796
11-02-2024,Tablet,South,4,345,1380
11-02-2024,Smartphone,West,6,524,3144
11-02-2024,Laptop,South,8,772,6176
12-02-2024,Tablet,East,9,330,2970
12-02-2024,Tablet,North,2,341,682
12-02-2024,Tablet,East,4,256,1024
13-02-2024,Tablet,West,9,321,2889
14-02-2024,Laptop,North,1,846,846
15-02-2024,Tablet,East,5,262,1310
15-02-2024,Smartwatch,East,7,229,1603
15-02-2024,Smartphone,West,6,542,3252
16-02-2024,Tablet,East,6,259,1554
16-02-2024,Smartphone,West,5,529,2645
17-02-2024,Laptop,West,3,805,2415
17-02-2024,Laptop,South,3,768,2304
18-02-2024,Smartphone,North,8,520,4160
18-02-2024,Tablet,North,4,274,1096
19-02-2024,Laptop,East,5,762,3810
20-02-2024,Headphones,West,9,70,630
21-02-2024,Smartphone,East,8,472,3776
21-02-2024,Laptop,South,4,779,3116
21-02-2024,Tablet,East,8,252,2016
22-02-2024,Headphones,North,2,114,228
22-02-2024,Smartwatch,East,6,165,990
23-02-2024,Laptop,East,2,765,1530
23-02-2024,Headphones,South,2,159,318
24-02-2024,Headphones,South,7,136,952
25-02-2024,Tablet,South,7,302,2114
25-02-2024,Laptop,North,9,779,7011
25-02-2024,Smartwatch,North,5,168,840
26-02-2024,Tablet,North,9,335,3015
27-02-2024,Laptop,East,7,781,5467
27-02-2024,Smartphone,South,4,521,2084
27-02-2024,Headphones,West,2,83,166
28-02-2024,Headphones,South,4,122,488
28-02-2024,Headphones,North,7,77,539
29-02-2024,Headphones,East,2,151,302
29-02-2024,Smartphone,East,9,525,4725
01-03-2024,Laptop,East,1,842,842
02-03-2024,Smartphone,West,6,487,2922
02-03-2024,Laptop,East,8,799,6392
03-03-2024,Smartwatch,West,9,213,1917
04-03-2024,Headphones,East,9,134,1206
05-03-2024,Tablet,North,2,293,586
05-03-2024,Headphones,West,2,84,168
05-03-2024,Tablet,North,3,298,894
06-03-2024,Headphones,East,5,86,430
06-03-2024,Smartphone,East,1,509,509
07-03-2024,Laptop,West,7,759,5313
07-03-2024,Smartwatch,North,5,182,910
07-03-2024,Headphones,East,1,137,137
08-03-2024,Laptop,South,9,770,6930
08-03-2024,Headphones,East,3,81,243
08-03-2024,Smartwatch,South,1,197,197
09-03-2024,Headphones,West,9,168,1512
09-03-2024,Smartphone,West,3,520,1560
09-03-2024,Laptop,North,2,762,1524
10-03-2024,Smartphone,West,9,522,4698
10-03-2024,Tablet,South,8,335,2680
10-03-2024,Laptop,West,7,794,5558
11-03-2024,Smartphone,North,8,457,3656
12-03-2024,Headphones,South,3,97,291
12-03-2024,Headphones,West,5,97,485
12-03-2024,Laptop,West,5,848,4240
13-03-2024,Laptop,North,6,803,4818
14-03-2024,Smartwatch,West,5,223,1115
14-03-2024,Smartwatch,North,6,173,1038
15-03-2024,Laptop,West,3,774,2322
15-03-2024,Tablet,East,6,266,1596
16-03-2024,Headphones,West,9,169,1521
16-03-2024,Smartphone,West,6,514,3084
17-03-2024,Headphones,West,1,161,161
17-03-2024,Smartphone,West,6,502,3012
17-03-2024,Smartphone,East,9,483,4347
18-03-2024,Smartwatch,North,1,204,204
19-03-2024,Headphones,North,5,169,845
19-03-2024,Smartwatch,East,4,200,800
20-03-2024,Tablet,West,1,336,336
21-03-2024,Smartwatch,South,4,216,864
22-03-2024,Laptop,North,2,847,1694
23-03-2024,Headphones,East,4,159,636
24-03-2024,Smartwatch,West,4,199,796
25-03-2024,Headphones,South,9,86,774
25-03-2024,Tablet,South,7,306,2142
25-03-2024,Smartphone,North,3,460,1380
26-03-2024,Smartwatch,West,8,217,1736
27-03-2024,Headphones,East,1,118,118
27-03-2024,Headphones,South,8,123,984
27-03-2024,Headphones,North,9,115,1035
28-03-2024,Smartphone,North,2,454,908
28-03-2024,Headphones,West,9,144,1296
29-03-2024,Laptop,South,6,776,4656
29-03-2024,Smartphone,East,5,495,2475
30-03-2024,Smartphone,South,3,543,1629
31-03-2024,Smartwatch,West,1,230,230
31-03-2024,Tablet,North,2,260,520
01-04-2024,Headphones,West,6,110,660
01-04-2024,Headphones,East,8,133,1064
01-04-2024,Tablet,South,9,325,2925
02-04-2024,Smartwatch,North,2,168,336
02-04-2024,Smartphone,South,6,453,2718
02-04-2024,Headphones,East,2,86,172
03-04-2024,Tablet,North,2,283,566
03-04-2024,Smartwatch,South,8,243,1944
03-04-2024,Headphones,East,1,112,112
04-04-2024,Laptop,East,4,837,3348
04-04-2024,Smartphone,South,6,493,2958
04-04-2024,Laptop,North,4,841,3364
05-04-2024,Tablet,North,8,291,2328
05-04-2024,Headphones,West,2,124,248
06-04-2024,Smartwatch,East,9,242,2178
06-04-2024,Tablet,West,4,258,1032
06-04-2024,Tablet,South,3,250,750
07-04-2024,Smartwatch,East,1,216,216
08-04-2024,Tablet,East,1,340,340
09-04-2024,Laptop,South,4,842,3368
09-04-2024,Headphones,North,2,137,274
10-04-2024,Smartphone,North,4,536,2144
11-04-2024,Tablet,East,9,254,2286
11-04-2024,Smartphone,North,1,471,471
12-04-2024,Smartwatch,North,4,218,872
12-04-2024,Tablet,West,3,270,810
13-04-2024,Headphones,South,3,88,264
13-04-2024,Smartwatch,West,7,196,1372
13-04-2024,Smartphone,West,5,470,2350
14-04-2024,Headphones,East,4,84,336
14-04-2024,Smartphone,West,8,490,3920
15-04-2024,Headphones,South,9,160,1440
15-04-2024,Headphones,South,3,106,318
15-04-2024,Laptop,East,8,776,6208
16-04-2024,Smartwatch,West,2,242,484
16-04-2024,Smartphone,West,3,483,1449
16-04-2024,Laptop,North,7,802,5614
17-04-2024,Smartwatch,North,5,211,1055
17-04-2024,Laptop,North,9,809,7281
17-04-2024,Smartwatch,North,8,156,1248
18-04-2024,Smartwatch,North,4,152,608
18-04-2024,Tablet,South,4,341,1364
18-04-2024,Headphones,South,3,105,315
19-04-2024,Laptop,North,7,807,5649
19-04-2024,Smartphone,South,5,474,2370
19-04-2024,Tablet,East,9,296,2664
20-04-2024,Headphones,East,8,91,728
20-04-2024,Smartwatch,South,5,221,1105
21-04-2024,Tablet,East,2,258,516
22-04-2024,Tablet,West,6,266,1596
23-04-2024,Laptop,East,5,814,4070
23-04-2024,Laptop,East,4,830,3320
23-04-2024,Laptop,East,8,815,6520
24-04-2024,Tablet,South,1,272,272
24-04-2024,Smartphone,East,9,530,4770
24-04-2024,Smartphone,East,9,542,4878
25-04-2024,Smartwatch,South,6,233,1398
26-04-2024,Tablet,North,1,325,325
27-04-2024,Smartwatch,East,1,230,230
27-04-2024,Tablet,South,4,281,1124
27-04-2024,Headphones,South,1,152,152
28-04-2024,Headphones,East,8,147,1176
28-04-2024,Smartphone,North,2,510,1020
28-04-2024,Headphones,West,3,75,225
29-04-2024,Laptop,North,8,832,6656
30-04-2024,Laptop,North,6,762,4572
01-05-2024,Tablet,East,9,269,2421
01-05-2024,Headphones,West,7,71,497
02-05-2024,Tablet,North,5,321,1605
02-05-2024,Tablet,South,7,332,2324
03-05-2024,Smartphone,West,8,546,4368
03-05-2024,Laptop,West,5,824,4120
03-05-2024,Smartwatch,East,1,155,155
04-05-2024,Smartwatch,North,5,208,1040
05-05-2024,Smartphone,West,9,468,4212
06-05-2024,Smartwatch,East,2,243,486
06-05-2024,Headphones,North,4,123,492
07-05-2024,Tablet,West,6,342,2052
07-05-2024,Headphones,North,8,151,1208
07-05-2024,Smartphone,North,9,457,4113
08-05-2024,Smartwatch,South,1,215,215
08-05-2024,Smartphone,North,9,518,4662
09-05-2024,Smartphone,West,9,498,4482
09-05-2024,Tablet,North,7,252,1764
10-05-2024,Smartphone,North,3,529,1587
10-05-2024,Smartphone,West,8,523,4184
11-05-2024,Smartphone,East,7,488,3416
11-05-2024,Tablet,North,6,269,1614
12-05-2024,Laptop,South,4,768,3072
12-05-2024,Headphones,East,2,99,198
12-05-2024,Smartwatch,South,6,216,1296
13-05-2024,Tablet,South,9,346,3114
13-05-2024,Laptop,East,4,808,3232
14-05-2024,Smartwatch,West,1,232,232
14-05-2024,Smartphone,North,5,528,2640
15-05-2024,Tablet,West,5,271,1355
15-05-2024,Headphones,South,9,97,873
15-05-2024,Laptop,North,4,756,3024
16-05-2024,Laptop,West,3,750,2250
17-05-2024,Headphones,North,6,117,702
17-05-2024,Laptop,South,2,776,1552
18-05-2024,Smartphone,East,4,534,2136
18-05-2024,Laptop,West,4,842,3368
19-05-2024,Laptop,East,3,841,2523
19-05-2024,Laptop,East,9,790,7110
19-05-2024,Smartphone,South,4,489,1956
20-05-2024,Laptop,North,7,845,5915
20-05-2024,Headphones,East,1,138,138
20-05-2024,Tablet,West,2,289,578
21-05-2024,Smartwatch,South,3,211,633
21-05-2024,Smartphone,North,2,543,1086
21-05-2024,Smartphone,South,6,468,2808
22-05-2024,Smartwatch,West,3,223,669
22-05-2024,Laptop,East,8,840,6720
22-05-2024,Tablet,South,1,322,322
23-05-2024,Tablet,North,7,309,2163
24-05-2024,Smartwatch,North,2,205,410
25-05-2024,Smartwatch,South,6,189,1134
25-05-2024,Headphones,South,5,148,740
25-05-2024,Headphones,South,2,132,264
26-05-2024,Tablet,South,9,326,2934
26-05-2024,Headphones,South,7,130,910
27-05-2024,Headphones,West,1,124,124
27-05-2024,Tablet,South,6,250,1500
27-05-2024,Smartwatch,West,5,223,1115
28-05-2024,Smartphone,East,3,496,1488
29-05-2024,Tablet,West,5,250,1250
29-05-2024,Headphones,West,8,92,736
29-05-2024,Laptop,North,4,837,3348
30-05-2024,Smartwatch,East,7,245,1715
31-05-2024,Headphones,South,1,127,127
01-06-2024,Laptop,North,5,810,4050
01-06-2024,Laptop,South,3,784,2352
01-06-2024,Laptop,South,5,791,3955
02-06-2024,Laptop,West,7,829,5803
02-06-2024,Tablet,South,9,335,3015
02-06-2024,Laptop,North,5,836,4180
03-06-2024,Headphones,East,7,114,798
04-06-2024,Smartwatch,South,5,155,775
05-06-2024,Laptop,South,1,781,781
05-06-2024,Smartphone,East,3,485,1455
06-06-2024,Laptop,South,7,796,5572
06-06-2024,Tablet,South,8,321,2568
07-06-2024,Smartwatch,North,1,211,211
07-06-2024,Laptop,East,3,823,2469
07-06-2024,Smartphone,North,2,547,1094
08-06-2024,Smartwatch,South,1,183,183
08-06-2024,Smartwatch,West,1,213,213
08-06-2024,Smartwatch,North,7,237,1659
09-06-2024,Laptop,East,5,775,3875
09-06-2024,Laptop,East,7,807,5649
10-06-2024,Smartwatch,North,1,211,211
11-06-2024,Tablet,North,3,328,984
12-06-2024,Smartwatch,East,9,203,1827
13-06-2024,Laptop,North,9,835,7515
14-06-2024,Tablet,West,3,320,960
15-06-2024,Smartwatch,East,3,215,645
15-06-2024,Laptop,North,3,760,2280
16-06-2024,Laptop,West,2,800,1600
17-06-2024,Headphones,East,9,105,945
17-06-2024,Headphones,West,9,118,1062
18-06-2024,Smartphone,South,6,528,3168
19-06-2024,Tablet,South,3,332,996
20-06-2024,Tablet,East,4,309,1236
20-06-2024,Headphones,East,2,131,262
20-06-2024,Laptop,North,2,810,1620
21-06-2024,Laptop,West,8,822,6576
21-06-2024,Smartphone,South,5,494,2470
21-06-2024,Smartphone,West,1,548,548
22-06-2024,Tablet,West,7,341,2387
23-06-2024,Headphones,South,1,85,85
24-06-2024,Tablet,North,4,335,1340
24-06-2024,Smartphone,West,6,465,2790
24-06-2024,Tablet,North,8,308,2464
25-06-2024,Headphones,South,1,159,159
25-06-2024,Smartphone,South,3,539,1617
26-06-2024,Smartphone,South,1,511,511
26-06-2024,Laptop,East,3,787,2361
26-06-2024,Tablet,South,1,343,343
27-06-2024,Headphones,North,4,76,304
28-06-2024,Smartphone,East,5,528,2640
28-06-2024,Headphones,West,7,139,973
29-06-2024,Smartwatch,West,1,177,177
29-06-2024,Laptop,North,6,819,4914
30-06-2024,Smartwatch,West,3,228,684
01-07-2024,Headphones,West,2,117,234
02-07-2024,Laptop,West,8,778,6224
02-07-2024,Smartwatch,South,2,151,302
03-07-2024,Laptop,South,6,797,4782
03-07-2024,Tablet,West,3,340,1020
03-07-2024,Tablet,East,1,284,284
04-07-2024,Tablet,North,3,303,909
04-07-2024,Tablet,South,5,284,1420
04-07-2024,Smartphone,North,4,481,1924
05-07-2024,Tablet,South,3,252,756
05-07-2024,Smartwatch,North,3,174,522
05-07-2024,Headphones,North,3,112,336
06-07-2024,Smartphone,North,9,469,4221
06-07-2024,Tablet,East,8,260,2080
07-07-2024,Smartphone,East,5,512,2560
07-07-2024,Tablet,North,3,270,810
08-07-2024,Headphones,South,1,111,111
08-07-2024,Headphones,South,9,83,747
09-07-2024,Tablet,North,2,276,552
09-07-2024,Smartphone,West,7,524,3668
09-07-2024,Smartwatch,West,5,236,1180
10-07-2024,Tablet,East,9,303,2727
11-07-2024,Tablet,North,7,253,1771
11-07-2024,Laptop,East,8,825,6600
12-07-2024,Smartphone,East,1,542,542
12-07-2024,Smartphone,West,2,482,964
13-07-2024,Tablet,East,8,269,2152
13-07-2024,Tablet,West,8,339,2712
13-07-2024,Smartwatch,North,2,186,372
14-07-2024,Smartphone,West,6,475,2850
15-07-2024,Headphones,West,6,89,534
15-07-2024,Smartwatch,West,1,233,233
15-07-2024,Headphones,East,7,149,1043
16-07-2024,Tablet,East,8,297,2376
17-07-2024,Smartwatch,East,8,222,1776
17-07-2024,Tablet,East,4,286,1144
17-07-2024,Smartphone,North,7,506,3542
18-07-2024,Smartwatch,South,4,202,808
18-07-2024,Headphones,North,1,133,133
18-07-2024,Smartphone,South,3,460,1380
19-07-2024,Smartphone,East,2,469,938
19-07-2024,Smartphone,South,8,459,3672
20-07-2024,Smartwatch,West,3,186,558
20-07-2024,Laptop,West,8,789,6312
20-07-2024,Headphones,West,7,80,560
21-07-2024,Smartwatch,South,8,209,1672
21-07-2024,Smartphone,East,1,485,485
22-07-2024,Smartwatch,West,4,175,700
23-07-2024,Headphones,East,2,133,266
23-07-2024,Smartphone,East,7,460,3220
24-07-2024,Smartwatch,West,6,159,954
24-07-2024,Tablet,West,7,266,1862
25-07-2024,Smartphone,North,7,502,3514
26-07-2024,Laptop,South,9,797,7173
26-07-2024,Smartphone,East,8,466,3728
27-07-2024,Smartphone,East,7,488,3416
27-07-2024,Smartwatch,North,9,189,1701
27-07-2024,Headphones,South,5,151,755
28-07-2024,Laptop,East,6,832,4992
29-07-2024,Laptop,East,2,765,1530
29-07-2024,Headphones,East,9,165,1485
29-07-2024,Smartwatch,North,1,155,155
30-07-2024,Smartwatch,North,6,153,918
30-07-2024,Headphones,East,8,94,752
30-07-2024,Smartwatch,West,6,212,1272
31-07-2024,Headphones,North,3,97,291
31-07-2024,Tablet,North,6,347,2082
01-08-2024,Smartwatch,South,8,221,1768
01-08-2024,Laptop,South,3,759,2277
02-08-2024,Tablet,West,1,308,308
02-08-2024,Smartwatch,East,5,211,1055
02-08-2024,Headphones,North,9,100,900
03-08-2024,Smartwatch,South,4,171,684
03-08-2024,Headphones,North,2,118,236
04-08-2024,Laptop,South,4,846,3384
05-08-2024,Smartwatch,North,8,207,1656
06-08-2024,Tablet,North,7,295,2065
06-08-2024,Tablet,South,7,277,1939
07-08-2024,Smartwatch,West,7,151,1057
08-08-2024,Smartphone,East,1,479,479
08-08-2024,Smartwatch,West,2,242,484
09-08-2024,Smartphone,North,5,543,2715
09-08-2024,Smartwatch,West,7,230,1610
10-08-2024,Headphones,East,9,121,1089
10-08-2024,Smartphone,West,5,536,2680
10-08-2024,Headphones,South,1,126,126
11-08-2024,Laptop,West,3,824,2472
12-08-2024,Laptop,West,1,827,827
12-08-2024,Laptop,North,8,821,6568
13-08-2024,Headphones,North,8,111,888
13-08-2024,Tablet,East,7,292,2044
13-08-2024,Laptop,North,5,834,4170
14-08-2024,Smartphone,South,5,513,2565
14-08-2024,Tablet,South,8,298,2384
14-08-2024,Tablet,East,8,298,2384
15-08-2024,Tablet,South,8,332,2656
16-08-2024,Headphones,East,1,75,75
16-08-2024,Tablet,West,6,277,1662
16-08-2024,Smartphone,South,7,486,3402
17-08-2024,Headphones,West,6,159,954
17-08-2024,Laptop,East,4,807,3228
17-08-2024,Smartwatch,West,1,249,249
18-08-2024,Headphones,South,3,127,381
18-08-2024,Headphones,East,8,125,1000
18-08-2024,Tablet,West,1,291,291
19-08-2024,Laptop,East,8,837,6696
19-08-2024,Smartphone,West,6,476,2856
20-08-2024,Headphones,East,8,83,664
21-08-2024,Laptop,East,2,816,1632
22-08-2024,Smartphone,North,4,513,2052
22-08-2024,Smartphone,East,3,473,1419
23-08-2024,Tablet,South,1,264,264
24-08-2024,Headphones,North,5,113,565
24-08-2024,Smartphone,East,2,536,1072
24-08-2024,Smartphone,West,7,453,3171
25-08-2024,Laptop,South,9,815,7335
25-08-2024,Tablet,South,5,338,1690
25-08-2024,Headphones,North,4,155,620
26-08-2024,Smartwatch,North,4,187,748
27-08-2024,Smartphone,South,4,528,2112
28-08-2024,Laptop,North,8,754,6032
28-08-2024,Laptop,East,7,817,5719
29-08-2024,Smartphone,North,3,535,1605
29-08-2024,Tablet,West,2,259,518
29-08-2024,Laptop,West,1,821,821
30-08-2024,Tablet,North,5,302,1510
30-08-2024,Smartwatch,West,6,242,1452
30-08-2024,Smartwatch,North,2,214,428
31-08-2024,Tablet,West,7,339,2373
31-08-2024,Smartwatch,East,8,212,1696
31-08-2024,Smartwatch,North,6,241,1446
01-09-2024,Laptop,East,5,805,4025
01-09-2024,Smartphone,East,4,538,2152
02-09-2024,Smartwatch,East,1,214,214
03-09-2024,Smartphone,South,5,528,2640
04-09-2024,Tablet,North,8,311,2488
05-09-2024,Laptop,North,6,839,5034
05-09-2024,Smartwatch,North,6,230,1380
05-09-2024,Smartwatch,South,3,163,489
06-09-2024,Smartwatch,East,6,176,1056
06-09-2024,Smartwatch,North,5,184,920
06-09-2024,Headphones,South,5,155,775
07-09-2024,Laptop,East,9,783,7047
07-09-2024,Smartphone,East,5,539,2695
08-09-2024,Tablet,West,2,267,534
08-09-2024,Headphones,North,9,83,747
09-09-2024,Smartwatch,East,7,164,1148
09-09-2024,Tablet,East,3,330,990
10-09-2024,Tablet,West,4,284,1136
10-09-2024,Smartphone,West,8,473,3784
10-09-2024,Smartwatch,North,1,220,220
11-09-2024,Smartphone,North,3,481,1443
11-09-2024,Headphones,North,6,127,762
11-09-2024,Smartwatch,West,4,189,756
12-09-2024,Headphones,West,4,114,456
12-09-2024,Smartphone,West,2,480,960
12-09-2024,Tablet,South,8,273,2184
13-09-2024,Tablet,East,9,294,2646
13-09-2024,Smartphone,West,7,506,3542
13-09-2024,Tablet,South,6,267,1602
14-09-2024,Smartwatch,North,7,209,1463
14-09-2024,Smartphone,East,7,518,3626
15-09-2024,Smartphone,North,4,542,2168
15-09-2024,Smartphone,South,8,545,4360
16-09-2024,Smartwatch,South,4,155,620
17-09-2024,Tablet,South,1,345,345
17-09-2024,Headphones,East,4,150,600
17-09-2024,Laptop,East,5,781,3905
18-09-2024,Tablet,South,1,333,333
18-09-2024,Tablet,North,3,258,774
19-09-2024,Laptop,South,1,822,822
19-09-2024,Smartphone,East,5,496,2480
19-09-2024,Headphones,West,7,99,693
20-09-2024,Headphones,South,8,94,752
21-09-2024,Smartphone,North,7,490,3430
21-09-2024,Laptop,South,3,797,2391
22-09-2024,Smartphone,East,5,470,2350
22-09-2024,Smartwatch,East,7,230,1610
23-09-2024,Smartphone,West,9,491,4419
23-09-2024,Smartphone,South,1,467,467
24-09-2024,Smartwatch,East,6,206,1236
24-09-2024,Headphones,East,4,71,284
24-09-2024,Smartphone,East,8,456,3648
25-09-2024,Headphones,West,1,132,132
25-09-2024,Smartwatch,North,8,185,1480
25-09-2024,Smartwatch,West,5,239,1195
26-09-2024,Smartwatch,East,5,179,895
26-09-2024,Smartphone,East,4,486,1944
27-09-2024,Tablet,East,4,296,1184
28-09-2024,Headphones,East,5,133,665
28-09-2024,Smartwatch,East,7,178,1246
29-09-2024,Headphones,South,6,165,990
30-09-2024,Smartwatch,South,4,179,716
30-09-2024,Smartwatch,East,7,183,1281
01-10-2024,Tablet,South,6,342,2052
02-10-2024,Headphones,West,4,142,568
02-10-2024,Tablet,East,6,319,1914
03-10-2024,Laptop,West,9,781,7029
03-10-2024,Headphones,South,2,74,148
03-10-2024,Headphones,East,5,91,455
04-10-2024,Headphones,North,2,146,292
04-10-2024,Smartphone,North,7,517,3619
05-10-2024,Smartphone,South,3,506,1518
05-10-2024,Smartwatch,North,3,244,732
05-10-2024,Smartwatch,West,2,208,416
06-10-2024,Smartphone,South,8,466,3728
06-10-2024,Smartwatch,East,8,150,1200
07-10-2024,Smartwatch,West,7,175,1225
07-10-2024,Smartphone,West,1,546,546
07-10-2024,Tablet,West,1,296,296
08-10-2024,Smartphone,East,2,473,946
09-10-2024,Smartphone,East,8,499,3992
09-10-2024,Tablet,East,3,261,783
09-10-2024,Tablet,South,1,303,303
10-10-2024,Laptop,West,2,809,1618
10-10-2024,Headphones,South,9,165,1485
11-10-2024,Smartphone,West,8,546,4368
12-10-2024,Laptop,South,5,829,4145
13-10-2024,Laptop,West,2,776,1552
14-10-2024,Smartphone,West,9,515,4635
15-10-2024,Headphones,South,9,79,711
16-10-2024,Smartphone,West,4,488,1952
17-10-2024,Laptop,East,4,773,3092
17-10-2024,Tablet,South,9,327,2943
18-10-2024,Smartwatch,East,5,177,885
18-10-2024,Headphones,North,7,93,651
19-10-2024,Smartphone,South,5,467,2335
20-10-2024,Smartphone,West,6,519,3114
20-10-2024,Headphones,North,4,91,364
21-10-2024,Smartwatch,West,8,238,1904
21-10-2024,Laptop,North,4,769,3076
22-10-2024,Tablet,East,5,317,1585
22-10-2024,Smartwatch,West,3,227,681
23-10-2024,Headphones,West,1,156,156
23-10-2024,Smartwatch,East,1,190,190
23-10-2024,Headphones,South,5,96,480
24-10-2024,Tablet,South,1,280,280
24-10-2024,Tablet,North,3,303,909
24-10-2024,Smartwatch,East,4,184,736
25-10-2024,Laptop,North,6,774,4644
26-10-2024,Smartphone,North,5,540,2700
26-10-2024,Laptop,West,7,750,5250
26-10-2024,Headphones,West,7,165,1155
27-10-2024,Tablet,North,6,339,2034
27-10-2024,Tablet,West,3,314,942
27-10-2024,Smartphone,North,1,530,530
28-10-2024,Smartwatch,West,6,157,942
28-10-2024,Smartwatch,West,3,182,546
29-10-2024,Headphones,East,5,160,800
29-10-2024,Headphones,West,4,89,356
29-10-2024,Laptop,East,4,768,3072
30-10-2024,Tablet,North,9,335,3015
30-10-2024,Headphones,West,5,155,775
31-10-2024,Tablet,West,4,321,1284
31-10-2024,Smartphone,South,3,475,1425
31-10-2024,Tablet,North,9,269,2421
01-11-2024,Tablet,West,7,327,2289
01-11-2024,Tablet,South,6,347,2082
01-11-2024,Tablet,East,6,295,1770
02-11-2024,Laptop,South,1,848,848
02-11-2024,Tablet,West,6,296,1776
03-11-2024,Tablet,East,4,274,1096
03-11-2024,Headphones,South,6,81,486
03-11-2024,Tablet,East,5,286,1430
04-11-2024,Smartwatch,West,9,162,1458
04-11-2024,Laptop,North,6,803,4818
05-11-2024,Headphones,South,4,144,576
06-11-2024,Smartphone,East,6,536,3216
07-11-2024,Smartphone,West,9,475,4275
08-11-2024,Smartwatch,East,1,185,185
09-11-2024,Tablet,South,1,316,316
09-11-2024,Headphones,North,8,158,1264
10-11-2024,Smartphone,East,5,513,2565
10-11-2024,Headphones,South,6,133,798
10-11-2024,Laptop,South,7,771,5397
11-11-2024,Smartphone,North,9,523,4707
12-11-2024,Laptop,East,2,840,1680
12-11-2024,Headphones,North,1,122,122
13-11-2024,Headphones,North,4,112,448
13-11-2024,Smartphone,West,1,520,520
14-11-2024,Smartphone,North,3,457,1371
14-11-2024,Smartwatch,West,3,185,555
15-11-2024,Headphones,East,9,87,783
15-11-2024,Headphones,West,3,116,348
16-11-2024,Tablet,East,4,286,1144
16-11-2024,Laptop,East,7,753,5271
16-11-2024,Tablet,South,4,267,1068
17-11-2024,Smartwatch,East,7,150,1050
17-11-2024,Smartphone,South,7,539,3773
18-11-2024,Headphones,West,8,155,1240
19-11-2024,Smartwatch,South,5,179,895
19-11-2024,Laptop,South,1,823,823
19-11-2024,Smartwatch,West,6,243,1458
20-11-2024,Laptop,South,5,825,4125
20-11-2024,Smartwatch,North,5,164,820
20-11-2024,Smartphone,West,7,493,3451
21-11-2024,Smartphone,East,7,492,3444
21-11-2024,Smartphone,West,6,486,2916
22-11-2024,Laptop,West,4,831,3324
22-11-2024,Headphones,North,2,162,324
23-11-2024,Smartphone,West,6,491,2946
23-11-2024,Laptop,East,9,834,7506
24-11-2024,Tablet,West,7,277,1939
24-11-2024,Headphones,East,7,118,826
24-11-2024,Laptop,South,6,781,4686
25-11-2024,Smartwatch,South,5,245,1225
26-11-2024,Smartphone,East,7,464,3248
26-11-2024,Smartwatch,East,3,232,696
26-11-2024,Smartphone,West,3,455,1365
27-11-2024,Smartwatch,North,3,216,648
27-11-2024,Smartphone,West,4,500,2000
27-11-2024,Smartwatch,East,8,236,1888
28-11-2024,Tablet,West,9,309,2781
29-11-2024,Smartwatch,North,9,220,1980
29-11-2024,Smartphone,North,6,473,2838
30-11-2024,Smartwatch,West,1,159,159
01-12-2024,Laptop,North,2,761,1522
01-12-2024,Laptop,North,9,785,7065
01-12-2024,Laptop,East,6,818,4908
02-12-2024,Laptop,South,2,808,1616
02-12-2024,Headphones,East,9,161,1449
02-12-2024,Tablet,West,9,345,3105
03-12-2024,Headphones,South,9,167,1503
04-12-2024,Smartphone,West,6,529,3174
04-12-2024,Smartwatch,North,5,174,870
04-12-2024,Headphones,South,2,151,302
05-12-2024,Smartphone,East,2,496,992
05-12-2024,Headphones,East,2,124,248
06-12-2024,Tablet,East,7,302,2114
06-12-2024,Smartphone,South,6,494,2964
06-12-2024,Headphones,West,9,134,1206
07-12-2024,Tablet,East,6,272,1632
07-12-2024,Tablet,South,7,341,2387
07-12-2024,Headphones,West,1,88,88
08-12-2024,Headphones,North,1,106,106
08-12-2024,Smartphone,East,2,548,1096
08-12-2024,Smartwatch,South,7,203,1421
09-12-2024,Headphones,West,3,129,387
09-12-2024,Smartwatch,South,8,204,1632
10-12-2024,Smartwatch,South,8,234,1872
10-12-2024,Laptop,North,1,755,755
10-12-2024,Tablet,West,7,292,2044
11-12-2024,Smartwatch,East,2,236,472
11-12-2024,Laptop,North,9,772,6948
11-12-2024,Tablet,North,2,337,674
12-12-2024,Tablet,South,7,299,2093
12-12-2024,Headphones,East,6,160,960
12-12-2024,Laptop,North,9,780,7020
13-12-2024,Smartphone,West,1,536,536
14-12-2024,Smartwatch,West,1,177,177
15-12-2024,Smartphone,North,2,490,980
16-12-2024,Tablet,North,6,255,1530
16-12-2024,Smartwatch,East,2,189,378
17-12-2024,Smartwatch,East,1,173,173
17-12-2024,Tablet,South,1,337,337
17-12-2024,Smartwatch,East,1,249,249
18-12-2024,Smartwatch,North,2,238,476
19-12-2024,Smartwatch,East,7,232,1624
19-12-2024,Laptop,West,6,822,4932
20-12-2024,Smartphone,East,1,483,483
21-12-2024,Smartphone,South,9,494,4446
21-12-2024,Smartwatch,South,6,245,1470
21-12-2024,Laptop,West,7,780,5460
22-12-2024,Smartphone,South,9,467,4203
22-12-2024,Headphones,West,4,142,568
23-12-2024,Headphones,East,8,78,624
23-12-2024,Smartwatch,North,4,230,920
23-12-2024,Tablet,North,4,318,1272
24-12-2024,Smartwatch,West,2,151,302
24-12-2024,Smartwatch,North,4,191,764
24-12-2024,Smartwatch,South,9,157,1413
25-12-2024,Laptop,South,5,760,3800
25-12-2024,Tablet,North,4,262,1048
25-12-2024,Headphones,North,8,142,1136
26-12-2024,Smartphone,South,8,509,4072
26-12-2024,Smartwatch,East,3,218,654
26-12-2024,Laptop,East,2,769,1538
27-12-2024,Laptop,North,2,774,1548
27-12-2024,Smartwatch,South,7,241,1687
27-12-2024,Smartphone,East,6,516,3096
28-12-2024,Tablet,South,6,333,1998
28-12-2024,Smartwatch,East,6,208,1248
29-12-2024,Laptop,West,9,804,7236
29-12-2024,Tablet,East,1,332,332
29-12-2024,Headphones,East,3,118,354
30-12-2024,Tablet,West,2,341,682
31-12-2024,Smartphone,North,7,476,3332
31-12-2024,Smartphone,South,4,474,1896
31-12-2024,Smartphone,East,6,478,2868
